<?xml version="1.0" encoding="UTF-8"?>
<project xmlns="http://www.netbeans.org/ns/project/1">
    <type>com.microchip.mplab.nbide.embedded.makeproject</type>
    <configuration>
        <Harmony xmlns="Harmony" MHC="true"/>
        <data xmlns="http://www.netbeans.org/ns/make-project/1">
            <name>kinkennon_encoder</name>
            <creation-uuid>e54023e9-3948-44ef-bf6f-29d8b223e555</creation-uuid>
            <make-project-type>0</make-project-type>
            <c-extensions>c</c-extensions>
            <cpp-extensions/>
            <header-extensions>h</header-extensions>
            <asminc-extensions/>
            <sourceEncoding>ISO-8859-1</sourceEncoding>
            <make-dep-projects/>
            <sourceRootList>
                <sourceRootElem>../src</sourceRootElem>
                <sourceRootElem>../src/system_config/pic32mx_usb_sk2_int_dyn</sourceRootElem>
                <sourceRootElem>../../../../../../framework/system/devcon/src</sourceRootElem>
                <sourceRootElem>../../../../../../framework/system/int/src</sourceRootElem>
                <sourceRootElem>../../../../../../framework/driver/usb/usbfs/src/dynamic</sourceRootElem>
                <sourceRootElem>../../../../../../framework/usb/src/dynamic</sourceRootElem>
                <sourceRootElem>../../../../../../bsp/pic32mx_usb_sk2</sourceRootElem>
                <sourceRootElem>../src/system_config/pic32mz_ec_sk_int_dyn</sourceRootElem>
                <sourceRootElem>../../../../../../framework/driver/tmr/src/dynamic</sourceRootElem>
                <sourceRootElem>../../../../../../framework/system/clk/src</sourceRootElem>
                <sourceRootElem>../../../../../../framework/system/tmr/src</sourceRootElem>
                <sourceRootElem>../../../../../../framework/driver/usb/usbhs/src/dynamic</sourceRootElem>
                <sourceRootElem>../../../../../../bsp/pic32mz_ec_sk</sourceRootElem>
                <sourceRootElem>../src/system_config/pic32mx_usb_sk3_int_dyn</sourceRootElem>
                <sourceRootElem>../../../../../../bsp/pic32mx_usb_sk3</sourceRootElem>
                <sourceRootElem>../src/system_config/pic32mx_bt_sk_int_dyn</sourceRootElem>
                <sourceRootElem>../../../../../../bsp/pic32mx_bt_sk</sourceRootElem>
                <sourceRootElem>../src/system_config/pic32mx460_pim_e16_int_dyn</sourceRootElem>
                <sourceRootElem>../../../../../../bsp/pic32mx470_pim+e16</sourceRootElem>
                <sourceRootElem>../../../../../../bsp/pic32mx460_pim+e16</sourceRootElem>
                <sourceRootElem>../src/system_config/pic32mx_usb_sk2_int_sta</sourceRootElem>
                <sourceRootElem>../../../../../../framework/driver/usb/usbfs/src/static</sourceRootElem>
                <sourceRootElem>../src/system_config/pic32mz_ef_sk_int_dyn</sourceRootElem>
                <sourceRootElem>../../../..</sourceRootElem>
                <sourceRootElem>..\src</sourceRootElem>
                <sourceRootElem>..\src\pic32mx_usb_sk2_int_dyn</sourceRootElem>
                <sourceRootElem>..\src\system_config\pic32mx_usb_sk2_int_dyn</sourceRootElem>
                <sourceRootElem>..\src\pic32mz_ec_sk_int_dyn</sourceRootElem>
                <sourceRootElem>..\src\system_config\pic32mz_ec_sk_int_dyn</sourceRootElem>
                <sourceRootElem>..\src\pic32mx_usb_sk3_int_dyn</sourceRootElem>
                <sourceRootElem>..\src\system_config\pic32mx_usb_sk3_int_dyn</sourceRootElem>
                <sourceRootElem>..\src\pic32mx_bt_sk_int_dyn</sourceRootElem>
                <sourceRootElem>..\src\system_config\pic32mx_bt_sk_int_dyn</sourceRootElem>
                <sourceRootElem>..\src\pic32mx460_pim_e16_int_dyn</sourceRootElem>
                <sourceRootElem>..\src\system_config\pic32mx460_pim_e16_int_dyn</sourceRootElem>
                <sourceRootElem>..\src\pic32mx_usb_sk2_int_sta</sourceRootElem>
                <sourceRootElem>..\src\system_config\pic32mx_usb_sk2_int_sta</sourceRootElem>
                <sourceRootElem>..\src\pic32mz_ef_sk_int_dyn</sourceRootElem>
                <sourceRootElem>..\src\system_config\pic32mz_ef_sk_int_dyn</sourceRootElem>
                <sourceRootElem>..\src\pic32mx470_curiosity</sourceRootElem>
                <sourceRootElem>..\src\system_config\pic32mx470_curiosity</sourceRootElem>
                <sourceRootElem>..\src\pic32mz_ef_curiosity</sourceRootElem>
                <sourceRootElem>..\src\system_config\pic32mz_ef_curiosity</sourceRootElem>
                <sourceRootElem>..\src\pic32mx_xlp_sk_int_dyn</sourceRootElem>
                <sourceRootElem>..\src\system_config\pic32mx_xlp_sk_int_dyn</sourceRootElem>
            </sourceRootList>
            <confList>
                <confElem>
                    <name>pic32mz_ef_sk_int_dyn</name>
                    <type>2</type>
                </confElem>
            </confList>
            <formatting>
                <project-formatting-style>false</project-formatting-style>
            </formatting>
        </data>
        <spellchecker-wordlist xmlns="http://www.netbeans.org/ns/spellchecker-wordlist/1">
            <word>unconfigured</word>
        </spellchecker-wordlist>
    </configuration>
</project>
