<?xml version="1.0" encoding="UTF-8" standalone="no"?>
<Configuration version="2.0.0.12">
  <DisplayManager>
    <SystemInitScript dnOrder="0"/>
    <SystemStartScript dnOrder="1"/>
  </DisplayManager>
  <General>
    <HarmonyPath dnOrder="0" path="../../../.."/>
    <Processor dnOrder="1" name="PIC32MZ2048EFM100"/>
    <Board dnOrder="2" name=""/>
    <ForceOptimization dnOrder="3" flag="true"/>
    <MergeStrategy dnOrder="4" flag="USER_ALL"/>
  </General>
  <Manifest>
    <Files dnOrder="0">
      <File dnOrder="0">
        <Name dnOrder="0">drv_tmr_mapping.h</Name>
        <Path dnOrder="1">Header&amp;#160;Files/framework/driver/tmr</Path>
      </File>
      <File dnOrder="1">
        <Name dnOrder="0">drv_tmr_local.h</Name>
        <Path dnOrder="1">Header&amp;#160;Files/framework/driver/tmr/src</Path>
      </File>
      <File dnOrder="2">
        <Name dnOrder="0">driver_common.h</Name>
        <Path dnOrder="1">Header&amp;#160;Files/framework/driver</Path>
      </File>
      <File dnOrder="3">
        <Name dnOrder="0">drv_spi.c</Name>
        <Path dnOrder="1">Source&amp;#160;Files/framework/driver/spi/src/dynamic</Path>
      </File>
      <File dnOrder="4">
        <Name dnOrder="0">sys_tmr.c</Name>
        <Path dnOrder="1">Source&amp;#160;Files/framework/system/tmr/src</Path>
      </File>
      <File dnOrder="5">
        <Name dnOrder="0">drv_spi_sys_queue_fifo.c</Name>
        <Path dnOrder="1">Source&amp;#160;Files/framework/driver/spi/src</Path>
      </File>
      <File dnOrder="6">
        <Name dnOrder="0">drv_usbhs.c</Name>
        <Path dnOrder="1">Source&amp;#160;Files/framework/driver/usb/usbhs/src/dynamic</Path>
      </File>
      <File dnOrder="7">
        <Name dnOrder="0">drv_usbhs.h</Name>
        <Path dnOrder="1">Header&amp;#160;Files/framework/driver/usb/usbhs</Path>
      </File>
      <File dnOrder="8">
        <Name dnOrder="0">usb_device_local.h</Name>
        <Path dnOrder="1">Header&amp;#160;Files/framework/usb/src</Path>
      </File>
      <File dnOrder="9">
        <Name dnOrder="0">tmr_definitions_pic32m.h</Name>
        <Path dnOrder="1">Header&amp;#160;Files/framework/driver/tmr</Path>
      </File>
      <File dnOrder="10">
        <Name dnOrder="0">drv_i2c.c</Name>
        <Path dnOrder="1">Source&amp;#160;Files/framework/driver/i2c/src/dynamic</Path>
      </File>
      <File dnOrder="11">
        <Name dnOrder="0">usb_chapter_9.h</Name>
        <Path dnOrder="1">Header&amp;#160;Files/framework/usb</Path>
      </File>
      <File dnOrder="12">
        <Name dnOrder="0">drv_spi.h</Name>
        <Path dnOrder="1">Header&amp;#160;Files/framework/driver/spi</Path>
      </File>
      <File dnOrder="13">
        <Name dnOrder="0">drv_spi_definitions.h</Name>
        <Path dnOrder="1">Header&amp;#160;Files/framework/driver/spi</Path>
      </File>
      <File dnOrder="14">
        <Name dnOrder="0">driver.h</Name>
        <Path dnOrder="1">Header&amp;#160;Files/framework/driver</Path>
      </File>
      <File dnOrder="15">
        <Name dnOrder="0">sys_int_pic32.c</Name>
        <Path dnOrder="1">Source&amp;#160;Files/framework/system/int/src</Path>
      </File>
      <File dnOrder="16">
        <Name dnOrder="0">usb_device.c</Name>
        <Path dnOrder="1">Source&amp;#160;Files/framework/usb/src/dynamic</Path>
      </File>
      <File dnOrder="17">
        <Name dnOrder="0">sys_clk.h</Name>
        <Path dnOrder="1">Header&amp;#160;Files/framework/system/clk</Path>
      </File>
      <File dnOrder="18">
        <Name dnOrder="0">drv_spi_sys_queue.h</Name>
        <Path dnOrder="1">Header&amp;#160;Files/framework/driver/spi/src</Path>
      </File>
      <File dnOrder="19">
        <Name dnOrder="0">sys_ports_definitions.h</Name>
        <Path dnOrder="1">Header&amp;#160;Files/framework/system/ports</Path>
      </File>
      <File dnOrder="20">
        <Name dnOrder="0">usb_device_function_driver.h</Name>
        <Path dnOrder="1">Header&amp;#160;Files/framework/usb/src</Path>
      </File>
      <File dnOrder="21">
        <Name dnOrder="0">drv_tmr.c</Name>
        <Path dnOrder="1">Source&amp;#160;Files/framework/driver/tmr/src/dynamic</Path>
      </File>
      <File dnOrder="22">
        <Name dnOrder="0">usb_device.h</Name>
        <Path dnOrder="1">Header&amp;#160;Files/framework/usb</Path>
      </File>
      <File dnOrder="23">
        <Name dnOrder="0">sys_int_private.h</Name>
        <Path dnOrder="1">Header&amp;#160;Files/framework/system/int/src</Path>
      </File>
      <File dnOrder="24">
        <Name dnOrder="0">drv_tmr_compatibility.h</Name>
        <Path dnOrder="1">Header&amp;#160;Files/framework/driver/tmr</Path>
      </File>
      <File dnOrder="25">
        <Name dnOrder="0">sys_tmr_local.h</Name>
        <Path dnOrder="1">Header&amp;#160;Files/framework/system/tmr/src</Path>
      </File>
      <File dnOrder="26">
        <Name dnOrder="0">system.h</Name>
        <Path dnOrder="1">Header&amp;#160;Files/framework/system</Path>
      </File>
      <File dnOrder="27">
        <Name dnOrder="0">drv_i2c.h</Name>
        <Path dnOrder="1">Header&amp;#160;Files/framework/driver/i2c</Path>
      </File>
      <File dnOrder="28">
        <Name dnOrder="0">drv_spi_variant_mapping.h</Name>
        <Path dnOrder="1">Header&amp;#160;Files/framework/driver/spi/src</Path>
      </File>
      <File dnOrder="29">
        <Name dnOrder="0">sys_int.h</Name>
        <Path dnOrder="1">Header&amp;#160;Files/framework/system/int</Path>
      </File>
      <File dnOrder="30">
        <Name dnOrder="0">drv_usb.h</Name>
        <Path dnOrder="1">Header&amp;#160;Files/framework/driver/usb</Path>
      </File>
      <File dnOrder="31">
        <Name dnOrder="0">drv_tmr_variant_mapping.h</Name>
        <Path dnOrder="1">Header&amp;#160;Files/framework/driver/tmr/src</Path>
      </File>
      <File dnOrder="32">
        <Name dnOrder="0">usb_billboard.h</Name>
        <Path dnOrder="1">Header&amp;#160;Files/framework/usb</Path>
      </File>
      <File dnOrder="33">
        <Name dnOrder="0">drv_tmr.h</Name>
        <Path dnOrder="1">Header&amp;#160;Files/framework/driver/tmr</Path>
      </File>
      <File dnOrder="34">
        <Name dnOrder="0">drv_usbhs_variant_mapping.h</Name>
        <Path dnOrder="1">Header&amp;#160;Files/framework/driver/usb/usbhs/src</Path>
      </File>
      <File dnOrder="35">
        <Name dnOrder="0">sys_dma.h</Name>
        <Path dnOrder="1">Header&amp;#160;Files/framework/system/dma</Path>
      </File>
      <File dnOrder="36">
        <Name dnOrder="0">sys_tmr.h</Name>
        <Path dnOrder="1">Header&amp;#160;Files/framework/system/tmr</Path>
      </File>
      <File dnOrder="37">
        <Name dnOrder="0">usb_host.h</Name>
        <Path dnOrder="1">Header&amp;#160;Files/framework/usb</Path>
      </File>
      <File dnOrder="38">
        <Name dnOrder="0">osal.h</Name>
        <Path dnOrder="1">Header&amp;#160;Files/framework/osal</Path>
      </File>
      <File dnOrder="39">
        <Name dnOrder="0">usb_device_endpoint_functions.c</Name>
        <Path dnOrder="1">Source&amp;#160;Files/framework/usb/src/dynamic</Path>
      </File>
      <File dnOrder="40">
        <Name dnOrder="0">usb_host_hub_interface.h</Name>
        <Path dnOrder="1">Header&amp;#160;Files/framework/usb</Path>
      </File>
      <File dnOrder="41">
        <Name dnOrder="0">usb_common.h</Name>
        <Path dnOrder="1">Header&amp;#160;Files/framework/usb</Path>
      </File>
      <File dnOrder="42">
        <Name dnOrder="0">sys_ports.h</Name>
        <Path dnOrder="1">Header&amp;#160;Files/framework/system/ports</Path>
      </File>
      <File dnOrder="43">
        <Name dnOrder="0">drv_spi_sys_queue_local_fifo.h</Name>
        <Path dnOrder="1">Header&amp;#160;Files/framework/driver/spi/src</Path>
      </File>
      <File dnOrder="44">
        <Name dnOrder="0">usb_hub.h</Name>
        <Path dnOrder="1">Header&amp;#160;Files/framework/usb</Path>
      </File>
      <File dnOrder="45">
        <Name dnOrder="0">drv_i2c_compatibility.h</Name>
        <Path dnOrder="1">Header&amp;#160;Files/framework/driver/i2c</Path>
      </File>
      <File dnOrder="46">
        <Name dnOrder="0">sys_common.h</Name>
        <Path dnOrder="1">Header&amp;#160;Files/framework/system/common</Path>
      </File>
      <File dnOrder="47">
        <Name dnOrder="0">sys_buffer.h</Name>
        <Path dnOrder="1">Header&amp;#160;Files/framework/system/common</Path>
      </File>
      <File dnOrder="48">
        <Name dnOrder="0">usb_device_mapping.h</Name>
        <Path dnOrder="1">Header&amp;#160;Files/framework/usb/src</Path>
      </File>
      <File dnOrder="49">
        <Name dnOrder="0">usb_host_hub.h</Name>
        <Path dnOrder="1">Header&amp;#160;Files/framework/usb</Path>
      </File>
      <File dnOrder="50">
        <Name dnOrder="0">sys_clk_compatibility.h</Name>
        <Path dnOrder="1">Header&amp;#160;Files/framework/system/clk</Path>
      </File>
      <File dnOrder="51">
        <Name dnOrder="0">osal_impl_basic.h</Name>
        <Path dnOrder="1">Header&amp;#160;Files/framework/osal</Path>
      </File>
      <File dnOrder="52">
        <Name dnOrder="0">drv_i2c_variant_mapping.h</Name>
        <Path dnOrder="1">Header&amp;#160;Files/framework/driver/i2c/src</Path>
      </File>
      <File dnOrder="53">
        <Name dnOrder="0">sys_clk_mapping.h</Name>
        <Path dnOrder="1">Header&amp;#160;Files/framework/system/clk</Path>
      </File>
      <File dnOrder="54">
        <Name dnOrder="0">sys_int_mapping.h</Name>
        <Path dnOrder="1">Header&amp;#160;Files/framework/system/int</Path>
      </File>
      <File dnOrder="55">
        <Name dnOrder="0">osal_definitions.h</Name>
        <Path dnOrder="1">Header&amp;#160;Files/framework/osal</Path>
      </File>
      <File dnOrder="56">
        <Name dnOrder="0">drv_usbhs_local.h</Name>
        <Path dnOrder="1">Header&amp;#160;Files/framework/driver/usb/usbhs/src</Path>
      </File>
      <File dnOrder="57">
        <Name dnOrder="0">drv_spi_internal.h</Name>
        <Path dnOrder="1">Header&amp;#160;Files/framework/driver/spi/src/dynamic</Path>
      </File>
      <File dnOrder="58">
        <Name dnOrder="0">drv_usbhs_device.c</Name>
        <Path dnOrder="1">Source&amp;#160;Files/framework/driver/usb/usbhs/src/dynamic</Path>
      </File>
      <File dnOrder="59">
        <Name dnOrder="0">drv_i2c_local.h</Name>
        <Path dnOrder="1">Header&amp;#160;Files/framework/driver/i2c/src</Path>
      </File>
      <File dnOrder="60">
        <Name dnOrder="0">sys_debug.h</Name>
        <Path dnOrder="1">Header&amp;#160;Files/framework/system/debug</Path>
      </File>
      <File dnOrder="61">
        <Name dnOrder="0">sys_module.h</Name>
        <Path dnOrder="1">Header&amp;#160;Files/framework/system/common</Path>
      </File>
      <File dnOrder="62">
        <Name dnOrder="0">drv_i2c_mapping.h</Name>
        <Path dnOrder="1">Header&amp;#160;Files/framework/driver/i2c</Path>
      </File>
      <File dnOrder="63">
        <Name dnOrder="0">drv_i2c_device_pic32m.h</Name>
        <Path dnOrder="1">Header&amp;#160;Files/framework/driver/i2c</Path>
      </File>
      <File dnOrder="64">
        <Name dnOrder="0">sys_queue.h</Name>
        <Path dnOrder="1">Header&amp;#160;Files/framework/system/common</Path>
      </File>
      <File dnOrder="65">
        <Name dnOrder="0">usb_host_client_driver.h</Name>
        <Path dnOrder="1">Header&amp;#160;Files/framework/usb</Path>
      </File>
    </Files>
    <Templates dnOrder="1">
      <Template dnOrder="0">
        <Name dnOrder="0">sys_devcon_local.h</Name>
        <Path dnOrder="1">Header&amp;#160;Files/app/system_config/pic32mz_ef_curiosity/framework/system/devcon/src</Path>
        <Checksum dnOrder="2">B66F9B4DBD85DA7F9DE775E864E01395</Checksum>
      </Template>
      <Template dnOrder="1">
        <Name dnOrder="0">main.c</Name>
        <Path dnOrder="1">Source&amp;#160;Files/app</Path>
      </Template>
      <Template dnOrder="2">
        <Name dnOrder="0">drv_spi_api.c</Name>
        <Path dnOrder="1">Source&amp;#160;Files/app/system_config/pic32mz_ef_curiosity/framework/driver/spi/dynamic</Path>
        <Checksum dnOrder="2">D4DD44CE1F0D258B386C43A86DC64090</Checksum>
      </Template>
      <Template dnOrder="3">
        <Name dnOrder="0">sys_devcon_pic32mz.c</Name>
        <Path dnOrder="1">Source&amp;#160;Files/app/system_config/pic32mz_ef_curiosity/framework/system/devcon/src</Path>
        <Checksum dnOrder="2">D011F212E6410A0C92087C188E1F60AF</Checksum>
      </Template>
      <Template dnOrder="4">
        <Name dnOrder="0">bsp.c</Name>
        <Path dnOrder="1">Source&amp;#160;Files/app/system_config/pic32mz_ef_curiosity/bsp</Path>
        <Checksum dnOrder="2">03C79AE94EBC1E69168CD31AF17F3B23</Checksum>
      </Template>
      <Template dnOrder="5">
        <Name dnOrder="0">system_interrupt.c</Name>
        <Path dnOrder="1">Source&amp;#160;Files/app/system_config/pic32mz_ef_curiosity</Path>
        <Checksum dnOrder="2">B8BD1E33E419C657E0DE339E52A5C921</Checksum>
      </Template>
      <Template dnOrder="6">
        <Name dnOrder="0">sys_devcon.h</Name>
        <Path dnOrder="1">Header&amp;#160;Files/app/system_config/pic32mz_ef_curiosity/framework/system/devcon</Path>
        <Checksum dnOrder="2">07580DCDEF89D9C79B062544109C5367</Checksum>
      </Template>
      <Template dnOrder="7">
        <Name dnOrder="0">system_config.h</Name>
        <Path dnOrder="1">Header&amp;#160;Files/app/system_config/pic32mz_ef_curiosity</Path>
        <Checksum dnOrder="2">2B62C066FE73354D5499E302AF96D31A</Checksum>
      </Template>
      <Template dnOrder="8">
        <Name dnOrder="0">system_init.c</Name>
        <Path dnOrder="1">Source&amp;#160;Files/app/system_config/pic32mz_ef_curiosity</Path>
        <Checksum dnOrder="2">8407CBD691F4D024121CDD8E89966FEA</Checksum>
        <ProjectFileChecksum dnOrder="3">1F885ED36F4E085AE7CE37A9DDA4C347</ProjectFileChecksum>
      </Template>
      <Template dnOrder="9">
        <Name dnOrder="0">bsp.h</Name>
        <Path dnOrder="1">Header&amp;#160;Files/app/system_config/pic32mz_ef_curiosity/bsp</Path>
        <Checksum dnOrder="2">A98436CDBDD55019A4AE99FF4E257AE4</Checksum>
      </Template>
      <Template dnOrder="10">
        <Name dnOrder="0">app.c</Name>
        <Path dnOrder="1">Source&amp;#160;Files/app</Path>
      </Template>
      <Template dnOrder="11">
        <Name dnOrder="0">sys_clk_pic32mz.c</Name>
        <Path dnOrder="1">Source&amp;#160;Files/app/system_config/pic32mz_ef_curiosity/framework/system/clk/src</Path>
        <Checksum dnOrder="2">CC45A61DC821F2A45FBFD5EB0F76DD59</Checksum>
      </Template>
      <Template dnOrder="12">
        <Name dnOrder="0">drv_spi_master_ebm_tasks.c</Name>
        <Path dnOrder="1">Source&amp;#160;Files/app/system_config/pic32mz_ef_curiosity/framework/driver/spi/dynamic</Path>
        <Checksum dnOrder="2">14CDA6F0C25515BE882F20189A66DCC2</Checksum>
      </Template>
      <Template dnOrder="13">
        <Name dnOrder="0">system_definitions.h</Name>
        <Path dnOrder="1">Header&amp;#160;Files/app/system_config/pic32mz_ef_curiosity</Path>
        <Checksum dnOrder="2">857B4C59F5DA0316EB7D0655FB8DE9FD</Checksum>
      </Template>
      <Template dnOrder="14">
        <Name dnOrder="0">system_exceptions.c</Name>
        <Path dnOrder="1">Source&amp;#160;Files/app/system_config/pic32mz_ef_curiosity</Path>
        <Checksum dnOrder="2">9836A04F3E98D3971DB91DF539160F34</Checksum>
      </Template>
      <Template dnOrder="15">
        <Name dnOrder="0">drv_spi_tasks.c</Name>
        <Path dnOrder="1">Source&amp;#160;Files/app/system_config/pic32mz_ef_curiosity/framework/driver/spi/dynamic</Path>
        <Checksum dnOrder="2">8BF3EF0D74748373850F5DBC5CA5E868</Checksum>
      </Template>
      <Template dnOrder="16">
        <Name dnOrder="0">app.h</Name>
        <Path dnOrder="1">Header&amp;#160;Files/app</Path>
      </Template>
      <Template dnOrder="17">
        <Name dnOrder="0">sys_devcon_cache_pic32mz.S</Name>
        <Path dnOrder="1">Source&amp;#160;Files/app/system_config/pic32mz_ef_curiosity/framework/system/devcon/src</Path>
        <Checksum dnOrder="2">D0A9CCA1CA85BB1CE7364A5DE10CC07D</Checksum>
      </Template>
      <Template dnOrder="18">
        <Name dnOrder="0">sys_devcon_cache.h</Name>
        <Path dnOrder="1">Source&amp;#160;Files/app/system_config/pic32mz_ef_curiosity/framework/system/devcon/src</Path>
        <Checksum dnOrder="2">5EB0485AC07A8B25665195B960AFBE5B</Checksum>
      </Template>
      <Template dnOrder="19">
        <Name dnOrder="0">sys_ports_static.c</Name>
        <Path dnOrder="1">Source&amp;#160;Files/app/system_config/pic32mz_ef_curiosity/framework/system/ports/src</Path>
        <Checksum dnOrder="2">F8855006CB34EF2DBCFDE9F54C1E338A</Checksum>
      </Template>
      <Template dnOrder="20">
        <Name dnOrder="0">sys_devcon.c</Name>
        <Path dnOrder="1">Source&amp;#160;Files/app/system_config/pic32mz_ef_curiosity/framework/system/devcon/src</Path>
        <Checksum dnOrder="2">54ADBD4A35BCA03C42C74182FCE41849</Checksum>
      </Template>
      <Template dnOrder="21">
        <Name dnOrder="0">system_tasks.c</Name>
        <Path dnOrder="1">Source&amp;#160;Files/app/system_config/pic32mz_ef_curiosity</Path>
        <Checksum dnOrder="2">B66C65117DB32B20E6A62ECF8E95DC96</Checksum>
      </Template>
    </Templates>
    <CompilerItems dnOrder="2">
      <C32 dnOrder="0">
        <Include dnOrder="0" value="C:\microchip\harmony\v2_06\apps\usb\device\kinkennon_encoder\firmware\src"/>
        <Include dnOrder="1" value="C:\microchip\harmony\v2_06\apps\usb\device\kinkennon_encoder\firmware\src\system_config\pic32mz_ef_curiosity"/>
        <Include dnOrder="2" value="C:\microchip\harmony\v2_06\apps\usb\device\kinkennon_encoder\firmware\src\pic32mz_ef_curiosity"/>
        <Include dnOrder="3" value="C:\microchip\harmony\v2_06\framework"/>
        <Include dnOrder="4" value="C:\microchip\harmony\v2_06\apps\usb\device\kinkennon_encoder\firmware\src\system_config\pic32mz_ef_curiosity\framework"/>
        <Include dnOrder="5" value="../src/system_config/pic32mz_ef_curiosity/bsp"/>
      </C32>
    </CompilerItems>
    <Libraries dnOrder="3">
      <Library dnOrder="0" value="../../../../../../bin/framework/peripheral/PIC32MZ2048EFM100_peripherals.a"/>
    </Libraries>
  </Manifest>
</Configuration>
